,Feature,Accuracy,Discrimination,F
0,Charge Degree,1.046473131904065,765.7377483668613,0.08930094644548836
1,Gender,0.9739172183928924,729.6455753990851,0.06186024914403587
2,Age,1.1814408075638596,939.7405468073938,0.006765124054617377
3,Prior Count,1.2298560252024666,982.4313583401041,0.0018168272773364524
4,Length of Stay,1.0283964587238923,908.0171237493089,-0.10662494596274374
